inst,ptype,rep,n,boundprep_ns
E-n29-k4-s7.evrp,knn3,0,21,870
E-n29-k4-s7.evrp,knn3,1,21,838
E-n29-k4-s7.evrp,knn3,2,21,898
E-n29-k4-s7.evrp,knn3,3,21,1169
E-n29-k4-s7.evrp,knn3,4,21,809
E-n29-k4-s7.evrp,knn3,5,21,842
E-n29-k4-s7.evrp,knn3,6,21,858
E-n29-k4-s7.evrp,knn3,7,21,874
E-n29-k4-s7.evrp,knn3,8,21,1028
E-n29-k4-s7.evrp,knn3,9,21,927
E-n29-k4-s7.evrp,knn3,10,21,801
E-n29-k4-s7.evrp,knn3,11,21,830
E-n29-k4-s7.evrp,knn3,12,21,1065
E-n29-k4-s7.evrp,knn3,13,21,834
E-n29-k4-s7.evrp,knn3,14,21,835
E-n29-k4-s7.evrp,knn3,15,21,812
E-n29-k4-s7.evrp,knn3,16,21,965
E-n29-k4-s7.evrp,knn3,17,21,856
E-n29-k4-s7.evrp,knn3,18,21,835
E-n29-k4-s7.evrp,knn3,19,21,1006
E-n29-k4-s7.evrp,random,0,21,832
E-n29-k4-s7.evrp,random,1,21,925
E-n29-k4-s7.evrp,random,2,21,801
E-n29-k4-s7.evrp,random,3,21,825
E-n29-k4-s7.evrp,random,4,21,1000
E-n29-k4-s7.evrp,random,5,21,837
E-n29-k4-s7.evrp,random,6,21,844
E-n29-k4-s7.evrp,random,7,21,1116
E-n29-k4-s7.evrp,random,8,21,807
E-n29-k4-s7.evrp,random,9,21,874
E-n29-k4-s7.evrp,random,10,21,813
E-n29-k4-s7.evrp,random,11,21,848
E-n29-k4-s7.evrp,random,12,21,1139
E-n29-k4-s7.evrp,random,13,21,829
E-n29-k4-s7.evrp,random,14,21,828
E-n29-k4-s7.evrp,random,15,21,839
E-n29-k4-s7.evrp,random,16,21,1067
E-n29-k4-s7.evrp,random,17,21,870
E-n29-k4-s7.evrp,random,18,21,837
E-n29-k4-s7.evrp,random,19,21,832
E-n30-k3-s7.evrp,knn3,0,22,1528
E-n30-k3-s7.evrp,knn3,1,22,1131
E-n30-k3-s7.evrp,knn3,2,22,1228
E-n30-k3-s7.evrp,knn3,3,22,1415
E-n30-k3-s7.evrp,knn3,4,22,1036
E-n30-k3-s7.evrp,knn3,5,22,1448
E-n30-k3-s7.evrp,knn3,6,22,1581
E-n30-k3-s7.evrp,knn3,7,22,1031
E-n30-k3-s7.evrp,knn3,8,22,1377
E-n30-k3-s7.evrp,knn3,9,22,1323
E-n30-k3-s7.evrp,knn3,10,22,1270
E-n30-k3-s7.evrp,knn3,11,22,1430
E-n30-k3-s7.evrp,knn3,12,22,1320
E-n30-k3-s7.evrp,knn3,13,22,1099
E-n30-k3-s7.evrp,knn3,14,22,1227
E-n30-k3-s7.evrp,knn3,15,22,1070
E-n30-k3-s7.evrp,knn3,16,22,1054
E-n30-k3-s7.evrp,knn3,17,22,1275
E-n30-k3-s7.evrp,knn3,18,22,1412
E-n30-k3-s7.evrp,knn3,19,22,1203
E-n30-k3-s7.evrp,random,0,22,1237
E-n30-k3-s7.evrp,random,1,22,1646
E-n30-k3-s7.evrp,random,2,22,1290
E-n30-k3-s7.evrp,random,3,22,1502
E-n30-k3-s7.evrp,random,4,22,1197
E-n30-k3-s7.evrp,random,5,22,1176
E-n30-k3-s7.evrp,random,6,22,1221
E-n30-k3-s7.evrp,random,7,22,1045
E-n30-k3-s7.evrp,random,8,22,1047
E-n30-k3-s7.evrp,random,9,22,1156
E-n30-k3-s7.evrp,random,10,22,1471
E-n30-k3-s7.evrp,random,11,22,1285
E-n30-k3-s7.evrp,random,12,22,1401
E-n30-k3-s7.evrp,random,13,22,1389
E-n30-k3-s7.evrp,random,14,22,1114
E-n30-k3-s7.evrp,random,15,22,1146
E-n30-k3-s7.evrp,random,16,22,1409
E-n30-k3-s7.evrp,random,17,22,1556
E-n30-k3-s7.evrp,random,18,22,1120
E-n30-k3-s7.evrp,random,19,22,1413
E-n35-k3-s5.evrp,knn3,0,29,1426
E-n35-k3-s5.evrp,knn3,1,29,1449
E-n35-k3-s5.evrp,knn3,2,29,1655
E-n35-k3-s5.evrp,knn3,3,29,1458
E-n35-k3-s5.evrp,knn3,4,29,1581
E-n35-k3-s5.evrp,knn3,5,29,1350
E-n35-k3-s5.evrp,knn3,6,29,1536
E-n35-k3-s5.evrp,knn3,7,29,1633
E-n35-k3-s5.evrp,knn3,8,29,1568
E-n35-k3-s5.evrp,knn3,9,29,1494
E-n35-k3-s5.evrp,knn3,10,29,1402
E-n35-k3-s5.evrp,knn3,11,29,1395
E-n35-k3-s5.evrp,knn3,12,29,1656
E-n35-k3-s5.evrp,knn3,13,29,1454
E-n35-k3-s5.evrp,knn3,14,29,1624
E-n35-k3-s5.evrp,knn3,15,29,1567
E-n35-k3-s5.evrp,knn3,16,29,1416
E-n35-k3-s5.evrp,knn3,17,29,1555
E-n35-k3-s5.evrp,knn3,18,29,1581
E-n35-k3-s5.evrp,knn3,19,29,1669
E-n35-k3-s5.evrp,random,0,29,1542
E-n35-k3-s5.evrp,random,1,29,1610
E-n35-k3-s5.evrp,random,2,29,1850
E-n35-k3-s5.evrp,random,3,29,1286
E-n35-k3-s5.evrp,random,4,29,1408
E-n35-k3-s5.evrp,random,5,29,1697
E-n35-k3-s5.evrp,random,6,29,1326
E-n35-k3-s5.evrp,random,7,29,1794
E-n35-k3-s5.evrp,random,8,29,1431
E-n35-k3-s5.evrp,random,9,29,1446
E-n35-k3-s5.evrp,random,10,29,1438
E-n35-k3-s5.evrp,random,11,29,1758
E-n35-k3-s5.evrp,random,12,29,1326
E-n35-k3-s5.evrp,random,13,29,1491
E-n35-k3-s5.evrp,random,14,29,1551
E-n35-k3-s5.evrp,random,15,29,1347
E-n35-k3-s5.evrp,random,16,29,1611
E-n35-k3-s5.evrp,random,17,29,1390
E-n35-k3-s5.evrp,random,18,29,1342
E-n35-k3-s5.evrp,random,19,29,1578
E-n37-k4-s4.evrp,knn3,0,32,1515
E-n37-k4-s4.evrp,knn3,1,32,1751
E-n37-k4-s4.evrp,knn3,2,32,1569
E-n37-k4-s4.evrp,knn3,3,32,1611
E-n37-k4-s4.evrp,knn3,4,32,1621
E-n37-k4-s4.evrp,knn3,5,32,1553
E-n37-k4-s4.evrp,knn3,6,32,1753
E-n37-k4-s4.evrp,knn3,7,32,1491
E-n37-k4-s4.evrp,knn3,8,32,1639
E-n37-k4-s4.evrp,knn3,9,32,1492
E-n37-k4-s4.evrp,knn3,10,32,1625
E-n37-k4-s4.evrp,knn3,11,32,1503
E-n37-k4-s4.evrp,knn3,12,32,1573
E-n37-k4-s4.evrp,knn3,13,32,1546
E-n37-k4-s4.evrp,knn3,14,32,1480
E-n37-k4-s4.evrp,knn3,15,32,1487
E-n37-k4-s4.evrp,knn3,16,32,1707
E-n37-k4-s4.evrp,knn3,17,32,1513
E-n37-k4-s4.evrp,knn3,18,32,1495
E-n37-k4-s4.evrp,knn3,19,32,1489
E-n37-k4-s4.evrp,random,0,32,1566
E-n37-k4-s4.evrp,random,1,32,1643
E-n37-k4-s4.evrp,random,2,32,1610
E-n37-k4-s4.evrp,random,3,32,1515
E-n37-k4-s4.evrp,random,4,32,1539
E-n37-k4-s4.evrp,random,5,32,1530
E-n37-k4-s4.evrp,random,6,32,1621
E-n37-k4-s4.evrp,random,7,32,1474
E-n37-k4-s4.evrp,random,8,32,1693
E-n37-k4-s4.evrp,random,9,32,1516
E-n37-k4-s4.evrp,random,10,32,1788
E-n37-k4-s4.evrp,random,11,32,1492
E-n37-k4-s4.evrp,random,12,32,1621
E-n37-k4-s4.evrp,random,13,32,2110
E-n37-k4-s4.evrp,random,14,32,2412
E-n37-k4-s4.evrp,random,15,32,2088
E-n37-k4-s4.evrp,random,16,32,2084
E-n37-k4-s4.evrp,random,17,32,1888
E-n37-k4-s4.evrp,random,18,32,1930
E-n37-k4-s4.evrp,random,19,32,1748
F-n49-k4-s4.evrp,knn3,0,44,3740
F-n49-k4-s4.evrp,knn3,1,44,2513
F-n49-k4-s4.evrp,knn3,2,44,2858
F-n49-k4-s4.evrp,knn3,3,44,2647
F-n49-k4-s4.evrp,knn3,4,44,2764
F-n49-k4-s4.evrp,knn3,5,44,2755
F-n49-k4-s4.evrp,knn3,6,44,2393
F-n49-k4-s4.evrp,knn3,7,44,3483
F-n49-k4-s4.evrp,knn3,8,44,4926
F-n49-k4-s4.evrp,knn3,9,44,3487
F-n49-k4-s4.evrp,knn3,10,44,2484
F-n49-k4-s4.evrp,knn3,11,44,2744
F-n49-k4-s4.evrp,knn3,12,44,2701
F-n49-k4-s4.evrp,knn3,13,44,3231
F-n49-k4-s4.evrp,knn3,14,44,2829
F-n49-k4-s4.evrp,knn3,15,44,2597
F-n49-k4-s4.evrp,knn3,16,44,2630
F-n49-k4-s4.evrp,knn3,17,44,5643
F-n49-k4-s4.evrp,knn3,18,44,6434
F-n49-k4-s4.evrp,knn3,19,44,4494
F-n49-k4-s4.evrp,random,0,44,2586
F-n49-k4-s4.evrp,random,1,44,2640
F-n49-k4-s4.evrp,random,2,44,2990
F-n49-k4-s4.evrp,random,3,44,3014
F-n49-k4-s4.evrp,random,4,44,2521
F-n49-k4-s4.evrp,random,5,44,2764
F-n49-k4-s4.evrp,random,6,44,2958
F-n49-k4-s4.evrp,random,7,44,2757
F-n49-k4-s4.evrp,random,8,44,2877
F-n49-k4-s4.evrp,random,9,44,2731
F-n49-k4-s4.evrp,random,10,44,2958
F-n49-k4-s4.evrp,random,11,44,3026
F-n49-k4-s4.evrp,random,12,44,2490
F-n49-k4-s4.evrp,random,13,44,2296
F-n49-k4-s4.evrp,random,14,44,3074
F-n49-k4-s4.evrp,random,15,44,2951
F-n49-k4-s4.evrp,random,16,44,2615
F-n49-k4-s4.evrp,random,17,44,2878
F-n49-k4-s4.evrp,random,18,44,2713
F-n49-k4-s4.evrp,random,19,44,2676
E-n60-k5-s9.evrp,knn3,0,50,2819
E-n60-k5-s9.evrp,knn3,1,50,2587
E-n60-k5-s9.evrp,knn3,2,50,2800
E-n60-k5-s9.evrp,knn3,3,50,3223
E-n60-k5-s9.evrp,knn3,4,50,2878
E-n60-k5-s9.evrp,knn3,5,50,2590
E-n60-k5-s9.evrp,knn3,6,50,2709
E-n60-k5-s9.evrp,knn3,7,50,2759
E-n60-k5-s9.evrp,knn3,8,50,2782
E-n60-k5-s9.evrp,knn3,9,50,2607
E-n60-k5-s9.evrp,knn3,10,50,2842
E-n60-k5-s9.evrp,knn3,11,50,2770
E-n60-k5-s9.evrp,knn3,12,50,2801
E-n60-k5-s9.evrp,knn3,13,50,2739
E-n60-k5-s9.evrp,knn3,14,50,2750
E-n60-k5-s9.evrp,knn3,15,50,2591
E-n60-k5-s9.evrp,knn3,16,50,2965
E-n60-k5-s9.evrp,knn3,17,50,2913
E-n60-k5-s9.evrp,knn3,18,50,2771
E-n60-k5-s9.evrp,knn3,19,50,2667
E-n60-k5-s9.evrp,random,0,50,2754
E-n60-k5-s9.evrp,random,1,50,3087
E-n60-k5-s9.evrp,random,2,50,2582
E-n60-k5-s9.evrp,random,3,50,2902
E-n60-k5-s9.evrp,random,4,50,2786
E-n60-k5-s9.evrp,random,5,50,2809
E-n60-k5-s9.evrp,random,6,50,2733
E-n60-k5-s9.evrp,random,7,50,2905
E-n60-k5-s9.evrp,random,8,50,2649
E-n60-k5-s9.evrp,random,9,50,2577
E-n60-k5-s9.evrp,random,10,50,2696
E-n60-k5-s9.evrp,random,11,50,2745
E-n60-k5-s9.evrp,random,12,50,2789
E-n60-k5-s9.evrp,random,13,50,2643
E-n60-k5-s9.evrp,random,14,50,2534
E-n60-k5-s9.evrp,random,15,50,2800
E-n60-k5-s9.evrp,random,16,50,3090
E-n60-k5-s9.evrp,random,17,50,2617
E-n60-k5-s9.evrp,random,18,50,2686
E-n60-k5-s9.evrp,random,19,50,2699
