inst,ptype,rep,n,m,cargo_lb,init_ub,opt,base_us,ub_us,direct_us,cap_us,base_pairs,ub_pairs,direct_pairs,cap_pairs,base_popped,cap_popped,cap_pruned,maxfront_base,maxfront_cap,ub_feasible
E-n29-k4-s7.evrp,knn3,0,21,7,557.603,558.242,558.242,2439,1885,462,65,9024,9024,5752,1720,161,33,2919,18,3,1
E-n29-k4-s7.evrp,knn3,1,21,7,519.526,521.486,521.486,1800,1072,206,51,8016,7736,3368,1280,146,28,2323,14,2,1
E-n29-k4-s7.evrp,knn3,2,21,7,594.219,600.044,600.044,1328,1359,438,119,8312,8312,6024,2136,151,41,4032,16,4,1
E-n29-k4-s7.evrp,knn3,3,21,7,544.069,550.313,550.313,1641,1575,329,86,9720,9720,5848,2016,180,46,3727,17,5,1
E-n29-k4-s7.evrp,knn3,4,21,7,603.696,609.19,609.19,1718,1342,520,96,8736,8736,6872,2376,160,49,4411,16,5,1
E-n29-k4-s7.evrp,knn3,5,21,7,592.035,595.325,595.325,2112,2031,362,58,9440,9440,5896,1392,168,28,2607,20,2,1
E-n29-k4-s7.evrp,knn3,6,21,7,516.088,516.993,516.993,1741,1522,559,44,10384,10256,8152,1176,185,22,2249,17,2,1
E-n29-k4-s7.evrp,knn3,7,21,7,530.787,538.046,531.32,1953,1832,456,126,9520,9520,7904,3400,166,61,5644,17,7,1
E-n29-k4-s7.evrp,knn3,8,21,7,614.259,614.801,614.801,1438,1187,214,42,8112,8000,4504,1072,146,23,2018,14,2,1
E-n29-k4-s7.evrp,knn3,9,21,7,609.259,616.261,615.089,1668,1805,451,111,10064,10064,7464,2920,183,58,5042,17,4,1
E-n29-k4-s7.evrp,knn3,10,21,7,497.411,504.752,504.752,1884,1128,619,100,10552,10424,8568,2520,195,53,3466,20,4,1
E-n29-k4-s7.evrp,knn3,11,21,7,560.392,563.479,563.479,1475,1385,419,87,8912,8912,6168,1664,162,33,2957,17,4,1
E-n29-k4-s7.evrp,knn3,12,21,7,673.298,679.758,679.758,1282,1197,307,105,7968,7968,6008,2672,146,51,4907,14,5,1
E-n29-k4-s7.evrp,knn3,13,21,7,603.132,607.752,604.123,1596,1533,361,90,9096,9096,6072,2200,158,41,3545,16,5,1
E-n29-k4-s7.evrp,knn3,14,21,7,560.937,562.732,562.138,1379,1365,472,89,8600,8600,6264,1880,156,37,3216,15,4,1
E-n29-k4-s7.evrp,knn3,15,21,7,578.756,581.854,581.854,1691,1630,686,81,9856,9688,8544,2120,178,42,3869,15,4,1
E-n29-k4-s7.evrp,knn3,16,21,7,446.078,446.625,446.625,1854,1138,395,50,10080,9096,6256,1288,180,26,2211,16,2,1
E-n29-k4-s7.evrp,knn3,17,21,7,532.807,533.864,533.864,1569,1336,411,65,8848,8848,6632,1736,163,36,2901,17,3,1
E-n29-k4-s7.evrp,knn3,18,21,7,543.242,553.281,553.281,1743,1611,564,136,9040,9040,7528,3504,166,70,6434,17,6,1
E-n29-k4-s7.evrp,knn3,19,21,7,630.868,630.965,630.965,2338,2209,445,77,10680,10680,6824,1168,200,26,2249,20,2,1
E-n29-k4-s7.evrp,random,0,21,7,912.373,918.378,917.878,1385,1426,203,131,7504,7376,4064,2928,134,56,5345,11,6,1
E-n29-k4-s7.evrp,random,1,21,7,889.455,893.328,891.391,975,857,174,89,6880,6752,3688,2328,127,48,4020,11,4,1
E-n29-k4-s7.evrp,random,2,21,7,852.46,856.053,854.842,1114,999,223,124,7672,7544,4320,2552,137,51,4306,17,4,1
E-n29-k4-s7.evrp,random,3,21,7,710.093,711.045,711.045,1262,1145,156,59,7984,7856,2768,1368,146,30,2564,18,3,1
E-n29-k4-s7.evrp,random,4,21,7,686.198,687.235,687.235,1240,1131,195,60,7464,7464,3648,1464,136,29,2836,14,3,1
E-n29-k4-s7.evrp,random,5,21,7,893.386,898.523,898.146,1170,1047,160,162,6912,6912,3304,2408,126,51,4052,11,7,1
E-n29-k4-s7.evrp,random,6,21,7,930.41,939.928,936.666,1072,868,208,157,6336,6336,4024,3248,114,64,5382,11,5,1
E-n29-k4-s7.evrp,random,7,21,7,844.265,848.45,848.45,1542,1396,165,96,8432,8432,3000,2112,153,45,3970,13,6,1
E-n29-k4-s7.evrp,random,8,21,7,867.023,870.976,870.876,964,907,103,80,6592,6528,2464,2144,118,43,3670,11,4,1
E-n29-k4-s7.evrp,random,9,21,7,694.376,701.145,701.145,1092,902,225,91,7168,7168,3344,2288,127,45,3864,12,4,1
E-n29-k4-s7.evrp,random,10,21,7,762.581,769.856,769.079,959,902,227,108,6560,6432,4544,2792,119,54,4764,13,6,1
E-n29-k4-s7.evrp,random,11,21,7,765.643,766.363,766.339,1367,1161,266,78,8272,8272,5072,1576,147,32,2862,13,3,1
E-n29-k4-s7.evrp,random,12,21,7,876.436,878.52,877.521,941,867,150,111,6384,6320,2728,2416,117,49,4135,14,5,1
E-n29-k4-s7.evrp,random,13,21,7,909.819,916.456,914.495,942,851,204,105,6504,6376,3400,2608,116,49,4534,13,5,1
E-n29-k4-s7.evrp,random,14,21,7,758.712,768.59,768.456,1359,1209,283,172,8208,8208,5664,2960,156,58,5269,15,10,1
E-n29-k4-s7.evrp,random,15,21,7,813.818,814.957,814.952,1036,905,112,59,7064,7064,2696,1680,130,36,2994,12,3,1
E-n29-k4-s7.evrp,random,16,21,7,821.656,831.09,827.619,951,880,260,189,6680,6680,4680,3624,119,68,5810,12,6,1
E-n29-k4-s7.evrp,random,17,21,7,852.428,855.685,855.685,1273,1082,151,102,7192,7128,2936,2456,131,50,4563,15,5,1
E-n29-k4-s7.evrp,random,18,21,7,709.172,710.579,709.783,1199,944,191,85,7304,7112,4168,2168,136,44,3906,13,4,1
E-n29-k4-s7.evrp,random,19,21,7,803.498,809.611,808.361,1040,874,206,107,6984,6856,3712,2536,125,52,4312,11,6,1
E-n30-k3-s7.evrp,knn3,0,22,7,958.832,961.247,961.247,2268,2288,99,68,10128,10128,2048,1272,183,26,2438,20,2,1
E-n30-k3-s7.evrp,knn3,1,22,7,1063.09,1069.74,1069.74,1709,1522,226,120,9488,9488,4976,3072,168,60,5826,15,5,1
E-n30-k3-s7.evrp,knn3,2,22,7,922.93,924.62,924.62,2279,2328,125,55,11224,11160,2784,1464,200,32,2837,21,3,1
E-n30-k3-s7.evrp,knn3,3,22,7,971.989,978.926,974.605,1844,1889,184,106,10400,10400,4032,2880,188,54,5117,18,4,1
E-n30-k3-s7.evrp,knn3,4,22,7,805.924,810.327,810.327,2711,2315,432,94,10976,10976,7568,2352,199,50,4383,20,4,1
E-n30-k3-s7.evrp,knn3,5,22,7,937.661,944.771,944.771,3337,3090,228,118,12920,12920,4768,3040,239,62,5594,23,5,1
E-n30-k3-s7.evrp,knn3,6,22,7,882.108,892.177,892.177,3612,3341,390,129,12208,12080,6904,2784,230,57,5055,26,4,1
E-n30-k3-s7.evrp,knn3,7,22,7,814.346,819.034,819.034,1504,1670,401,80,9064,9064,6888,2104,168,42,3841,14,3,1
E-n30-k3-s7.evrp,knn3,8,22,7,854.72,858.679,858.679,1910,1743,177,86,9536,9536,3528,1624,169,33,3105,17,4,1
E-n30-k3-s7.evrp,knn3,9,22,7,998.625,1007.39,1007.39,1608,1560,151,104,8848,8848,3176,2416,160,51,4559,16,4,1
E-n30-k3-s7.evrp,knn3,10,22,7,856.895,863.025,863.025,3314,3378,152,86,12456,12344,2736,1856,239,42,3461,23,3,1
E-n30-k3-s7.evrp,knn3,11,22,7,1004.56,1012.71,1012.71,1615,1668,188,128,9448,9448,4296,3200,174,65,5738,15,6,1
E-n30-k3-s7.evrp,knn3,12,22,7,937.681,940.525,940.525,2005,2056,98,79,9664,9664,2120,1928,173,40,3622,19,3,1
E-n30-k3-s7.evrp,knn3,13,22,7,809.279,810.592,810.592,3815,3564,366,63,13272,13272,6856,1184,233,24,2123,33,2,1
E-n30-k3-s7.evrp,knn3,14,22,7,881.992,889.187,886.225,3510,3226,635,190,13016,12904,10296,3912,242,80,6920,29,7,1
E-n30-k3-s7.evrp,knn3,15,22,7,951.405,956.954,956.954,1982,1965,342,90,10448,10448,4384,1960,192,44,3568,16,3,1
E-n30-k3-s7.evrp,knn3,16,22,7,849.832,858.816,853.91,2124,1582,381,110,10424,10424,5672,2760,188,53,4930,21,3,1
E-n30-k3-s7.evrp,knn3,17,22,7,977.817,981.798,981.54,2420,2467,167,138,10408,10408,3808,2472,186,50,4181,23,4,1
E-n30-k3-s7.evrp,knn3,18,22,7,884.557,897.307,893.763,2616,1874,310,126,10456,10456,4432,3144,197,61,5494,24,5,1
E-n30-k3-s7.evrp,knn3,19,22,7,1031.72,1037.23,1037.21,2790,2612,186,94,10352,10352,3640,2112,184,42,3934,19,4,1
E-n30-k3-s7.evrp,random,0,22,7,1357.41,1370.32,1361.82,975,935,171,173,6912,6912,4216,3584,128,71,6035,12,6,1
E-n30-k3-s7.evrp,random,1,22,7,1339.36,1355.54,1348.93,1328,1193,434,166,8008,7944,6952,3992,143,76,6501,15,6,1
E-n30-k3-s7.evrp,random,2,22,7,1539.86,1552.57,1546.89,1376,1235,197,196,7712,7712,4304,4304,140,86,7185,12,8,1
E-n30-k3-s7.evrp,random,3,22,7,1531.64,1537.14,1537.14,1362,1320,147,96,8136,8136,2920,2256,148,48,4247,15,5,1
E-n30-k3-s7.evrp,random,4,22,7,1372.65,1402.36,1397.81,1300,1019,239,182,7760,7632,4424,4296,140,82,7341,12,7,1
E-n30-k3-s7.evrp,random,5,22,7,1318.61,1322.16,1322.16,2196,1303,168,80,10128,10016,3440,1808,181,37,3344,19,4,1
E-n30-k3-s7.evrp,random,6,22,7,1268.2,1282.01,1278.45,1114,1020,254,215,7480,7352,4368,4016,130,74,6926,11,7,1
E-n30-k3-s7.evrp,random,7,22,7,1511.7,1522.38,1522.38,1967,1623,440,131,8784,8784,6176,3232,160,67,5429,19,6,1
E-n30-k3-s7.evrp,random,8,22,7,1322.34,1338.67,1337.01,2696,2980,437,149,9912,9912,6360,3088,190,69,5682,22,8,1
E-n30-k3-s7.evrp,random,9,22,7,1281.87,1302.26,1300.57,1390,1155,264,159,8280,8152,4528,3656,150,74,5938,13,9,1
E-n30-k3-s7.evrp,random,10,22,7,1224.07,1240.6,1236.27,1622,1492,268,205,9328,9200,4648,4456,174,90,7870,15,6,1
E-n30-k3-s7.evrp,random,11,22,7,1579.73,1589.4,1589.3,1479,1266,248,149,8536,8536,4664,3144,158,67,5578,17,6,1
E-n30-k3-s7.evrp,random,12,22,7,1483.78,1489.17,1488.32,1609,1599,478,94,9112,9112,8200,2048,168,45,3497,16,4,1
E-n30-k3-s7.evrp,random,13,22,7,1355.88,1365.07,1362.54,1397,1444,536,158,8280,8280,7656,2992,152,61,5205,12,6,1
E-n30-k3-s7.evrp,random,14,22,7,1418.85,1429.19,1426.44,1961,1377,172,125,9584,9392,3392,3200,174,65,4759,19,5,1
E-n30-k3-s7.evrp,random,15,22,7,1533.26,1546.35,1543.1,1957,1122,327,156,8760,8440,5152,3712,161,75,5759,18,6,1
E-n30-k3-s7.evrp,random,16,22,7,1261.02,1274.3,1270.03,1470,1019,368,125,7704,7576,4968,3128,141,63,5207,12,6,1
E-n30-k3-s7.evrp,random,17,22,7,1353.92,1364.78,1361.34,1406,1304,155,154,7904,7904,3184,3056,141,59,5438,12,5,1
E-n30-k3-s7.evrp,random,18,22,7,1585.86,1600.6,1596.66,1251,1177,330,226,7976,7976,5744,3912,145,75,6736,11,5,1
E-n30-k3-s7.evrp,random,19,22,7,1325.98,1354.63,1347.01,1330,1065,290,246,7792,7792,5560,5560,141,104,9406,12,8,1
E-n35-k3-s5.evrp,knn3,0,29,5,743.525,747.237,747.237,2027,2049,424,44,11052,10638,5508,954,362,38,1802,34,2,1
E-n35-k3-s5.evrp,knn3,1,29,5,771.365,774.851,774.851,1989,2102,743,68,11400,11310,9510,1398,371,54,2581,33,3,1
E-n35-k3-s5.evrp,knn3,2,29,5,800.485,800.735,800.641,2569,2593,532,55,11238,11238,7608,1062,373,41,2046,36,2,1
E-n35-k3-s5.evrp,knn3,3,29,5,805.496,830.073,820.744,1995,2072,838,274,11352,11352,10062,5214,388,189,9601,27,13,1
E-n35-k3-s5.evrp,knn3,4,29,5,876.794,879.51,879.056,2173,2046,719,91,11406,11406,8910,1422,381,57,2604,26,3,1
E-n35-k3-s5.evrp,knn3,5,29,5,754.701,759.469,758.584,2053,1753,1254,74,10050,9660,9120,1638,320,59,2754,29,4,1
E-n35-k3-s5.evrp,knn3,6,29,5,789.013,797.182,792.868,2192,2137,396,76,10752,10752,4824,1548,349,54,2790,30,4,1
E-n35-k3-s5.evrp,knn3,7,29,5,794.056,797.35,796.951,2166,1977,777,67,11136,11136,9078,1404,363,52,2528,33,3,1
E-n35-k3-s5.evrp,knn3,8,29,5,779.842,784.988,783.897,2370,2122,779,75,11958,11850,9882,1554,399,55,2814,30,4,1
E-n35-k3-s5.evrp,knn3,9,29,5,769.178,780.538,780.538,1812,1561,569,147,10236,10140,7140,2892,354,106,5493,30,7,1
E-n35-k3-s5.evrp,knn3,10,29,5,738.045,741.739,741.582,2314,2419,702,65,11910,11850,9222,1122,400,47,1816,31,5,1
E-n35-k3-s5.evrp,knn3,11,29,5,788.1,793.042,792.93,2114,1536,321,77,9738,9642,4956,1548,320,56,2852,27,3,1
E-n35-k3-s5.evrp,knn3,12,29,5,805.083,814.331,813.009,2482,3222,426,140,11880,11880,6150,2580,407,99,4902,31,6,1
E-n35-k3-s5.evrp,knn3,13,29,5,851.337,863.377,861.923,2177,1893,291,125,10986,10986,4536,2514,375,95,4620,28,6,1
E-n35-k3-s5.evrp,knn3,14,29,5,722.57,735.975,735.975,2027,2050,322,92,11268,11268,4344,1866,383,65,3673,26,4,1
E-n35-k3-s5.evrp,knn3,15,29,5,813.117,821.586,819.924,1822,1782,790,105,10476,10404,8442,2130,353,77,4093,23,6,1
E-n35-k3-s5.evrp,knn3,16,29,5,925.354,939.927,939.927,2329,2057,578,130,11022,11022,6846,2760,377,97,4965,27,7,1
E-n35-k3-s5.evrp,knn3,17,29,5,776.71,781.614,781.614,1951,1831,350,93,10230,10122,4422,1212,347,47,2387,28,3,1
E-n35-k3-s5.evrp,knn3,18,29,5,767.35,770.748,770.748,2284,2110,592,48,12072,12072,8568,1044,410,45,1961,31,3,1
E-n35-k3-s5.evrp,knn3,19,29,5,803.77,821.005,819.781,2768,2708,442,188,11772,11772,7128,3636,396,127,6886,40,8,1
E-n35-k3-s5.evrp,random,0,29,5,1482.76,1516.35,1506.21,827,757,303,205,5772,5676,3210,3210,197,118,5213,16,8,1
E-n35-k3-s5.evrp,random,1,29,5,1910.22,1970.27,1944.83,694,646,449,402,4890,4890,4326,4218,166,146,5481,10,10,1
E-n35-k3-s5.evrp,random,2,29,5,1623.47,1660.44,1653.47,1049,963,338,330,6918,6918,4602,4536,230,160,7620,16,13,1
E-n35-k3-s5.evrp,random,3,29,5,1577.4,1633.23,1624.73,897,830,454,417,5982,5694,4554,4554,199,156,6116,14,14,1
E-n35-k3-s5.evrp,random,4,29,5,1542.66,1602.35,1586.41,870,863,441,365,5958,5958,4692,4584,201,159,6820,12,9,1
E-n35-k3-s5.evrp,random,5,29,5,1907.19,1982.4,1965.88,858,751,442,408,5424,5424,4668,4668,190,166,6857,11,11,1
E-n35-k3-s5.evrp,random,6,29,5,1424.13,1450.42,1443.42,1034,992,204,194,6126,6126,3114,2988,202,107,5012,21,6,1
E-n35-k3-s5.evrp,random,7,29,5,1308.15,1333.64,1326.66,1263,1020,229,175,7632,7422,3354,3096,254,115,5325,29,7,1
E-n35-k3-s5.evrp,random,8,29,5,1571.2,1607.57,1603.93,953,964,320,285,6360,6258,3786,3750,207,129,6322,19,9,1
E-n35-k3-s5.evrp,random,9,29,5,1649.79,1663.4,1654.9,729,707,191,185,5094,5094,3000,2886,171,104,5005,11,8,1
E-n35-k3-s5.evrp,random,10,29,5,1736.79,1782.09,1772.03,980,895,373,426,6378,6378,4500,4464,212,154,6741,15,9,1
E-n35-k3-s5.evrp,random,11,29,5,1784.11,1827.82,1805.88,890,866,374,428,5658,5658,4830,4830,187,162,6926,21,18,1
E-n35-k3-s5.evrp,random,12,29,5,1617.98,1639.65,1634.31,985,763,265,190,5916,5916,3612,3576,194,125,6181,15,8,1
E-n35-k3-s5.evrp,random,13,29,5,1743.76,1780.64,1764.8,815,830,389,358,5676,5640,4266,4266,182,140,6315,14,11,1
E-n35-k3-s5.evrp,random,14,29,5,1454.99,1479.87,1475.18,1018,785,299,226,6666,6378,3978,3618,223,131,5852,15,8,1
E-n35-k3-s5.evrp,random,15,29,5,1902.39,1942.7,1924.6,825,729,409,362,5580,5472,4740,4590,184,153,6923,10,9,1
E-n35-k3-s5.evrp,random,16,29,5,1619.65,1659.43,1652.67,943,973,380,344,6330,6030,4806,4572,222,166,6849,13,10,1
E-n35-k3-s5.evrp,random,17,29,5,1710.32,1737.44,1734,792,769,246,191,5496,5496,3648,3396,179,119,5715,10,8,1
E-n35-k3-s5.evrp,random,18,29,5,1758.75,1811.11,1794.35,874,828,443,365,5934,5934,4506,4440,199,154,6135,15,12,1
E-n35-k3-s5.evrp,random,19,29,5,1887.62,1955.11,1940.85,873,735,548,392,5772,5682,5310,5058,194,173,6701,13,12,1
E-n37-k4-s4.evrp,knn3,0,32,4,1176.59,1180.62,1180.62,1695,1586,1653,63,10480,10330,8050,1330,434,56,2539,25,4,1
E-n37-k4-s4.evrp,knn3,1,32,4,1175.99,1182.41,1182.41,2319,2060,1950,74,11835,11755,11035,1515,488,65,2696,32,3,1
E-n37-k4-s4.evrp,knn3,2,32,4,1197.82,1204.14,1204.14,1729,1624,1746,81,10500,10500,9335,1660,432,74,3007,26,4,1
E-n37-k4-s4.evrp,knn3,3,32,4,1140.57,1141.55,1141.55,1691,1739,1765,42,11140,11140,10740,860,469,41,1458,28,2,1
E-n37-k4-s4.evrp,knn3,4,32,4,1189,1189.81,1189.81,1917,1838,1961,52,11695,11670,10785,1120,479,48,2107,35,4,1
E-n37-k4-s4.evrp,knn3,5,32,4,990.108,991.098,991.098,2711,3039,1862,47,14560,14145,13145,1005,604,44,1751,41,2,1
E-n37-k4-s4.evrp,knn3,6,32,4,1080.32,1083.15,1083.15,2280,2027,2432,42,14350,13855,11160,1035,592,45,1830,33,3,1
E-n37-k4-s4.evrp,knn3,7,32,4,1207.18,1211.73,1211.73,1967,1995,2030,44,12960,12960,11125,1060,529,45,2050,38,2,1
E-n37-k4-s4.evrp,knn3,8,32,4,1093.94,1099.08,1099.08,2206,1795,1503,53,12620,12445,9280,1240,515,52,2192,29,2,1
E-n37-k4-s4.evrp,knn3,9,32,4,1203.51,1203.52,1203.52,1372,1546,1212,39,10390,10340,8100,860,430,37,1439,25,2,1
E-n37-k4-s4.evrp,knn3,10,32,4,1219.79,1219.92,1219.92,1242,1211,1324,32,9630,9555,8480,710,399,31,1355,26,2,1
E-n37-k4-s4.evrp,knn3,11,32,4,1276.28,1280.31,1280.31,2301,1820,1374,120,11765,11615,10025,1830,490,78,3520,32,4,1
E-n37-k4-s4.evrp,knn3,12,32,4,1229.41,1244.48,1244.48,1711,1426,1379,69,11125,11075,9600,1500,462,64,2680,28,3,1
E-n37-k4-s4.evrp,knn3,13,32,4,1217.77,1219.01,1219.01,1467,1456,1404,32,9895,9610,8820,760,412,35,1372,28,2,1
E-n37-k4-s4.evrp,knn3,14,32,4,1355.82,1356.98,1356.98,1984,1788,1791,52,11770,11770,10985,800,486,35,1560,40,2,1
E-n37-k4-s4.evrp,knn3,15,32,4,1114.92,1120.35,1120.35,1924,1650,1130,55,10660,10660,6850,1150,447,52,2179,31,2,1
E-n37-k4-s4.evrp,knn3,16,32,4,1117.85,1118.03,1118.03,1824,1845,1592,35,12885,12835,11285,745,528,32,1425,28,2,1
E-n37-k4-s4.evrp,knn3,17,32,4,1129.79,1141.39,1140.26,2026,2180,2019,82,13280,13080,11690,2255,545,96,3848,35,4,1
E-n37-k4-s4.evrp,knn3,18,32,4,1108.94,1109.03,1109.03,1802,1895,1650,37,11565,11175,9855,895,472,39,1612,32,2,1
E-n37-k4-s4.evrp,knn3,19,32,4,1112.3,1112.87,1112.87,1574,1353,1438,34,11360,11310,8740,750,468,32,1376,26,1,1
E-n37-k4-s4.evrp,random,0,32,4,1665.94,1670.94,1670.94,1093,958,562,74,7945,7820,5430,1285,329,55,2455,19,4,1
E-n37-k4-s4.evrp,random,1,32,4,1595.25,1600.01,1600.01,1236,950,605,86,8335,8285,6005,1345,355,59,2357,22,3,1
E-n37-k4-s4.evrp,random,2,32,4,1621.86,1629.71,1629.71,1712,1500,1120,56,10595,10545,9170,1260,454,58,2226,36,4,1
E-n37-k4-s4.evrp,random,3,32,4,1526.62,1530.49,1530.49,1186,844,613,64,8930,8405,5130,1030,385,47,1893,28,2,1
E-n37-k4-s4.evrp,random,4,32,4,1563.73,1569.55,1569.55,1483,1492,1307,62,10905,10705,9345,1465,469,74,2834,25,4,1
E-n37-k4-s4.evrp,random,5,32,4,1802.81,1815.34,1815.34,1251,1205,905,87,9300,9225,7080,1980,395,89,3722,31,6,1
E-n37-k4-s4.evrp,random,6,32,4,1598.37,1600.56,1600.56,1304,1128,696,42,8100,7825,6275,1020,338,46,1774,22,2,1
E-n37-k4-s4.evrp,random,7,32,4,1767.57,1776.43,1776.43,1367,1088,724,112,9130,8540,6240,2575,396,119,4718,25,7,1
E-n37-k4-s4.evrp,random,8,32,4,1649.74,1661.65,1661.65,1358,1143,1266,66,9205,9205,8605,1405,395,64,2486,32,3,1
E-n37-k4-s4.evrp,random,9,32,4,1787.41,1790.5,1790.5,1056,921,807,50,7505,7455,5695,1085,317,48,2005,25,2,1
E-n37-k4-s4.evrp,random,10,32,4,1776.06,1783.64,1783.33,1513,1244,1068,93,9785,9735,7660,2010,421,95,3567,23,5,1
E-n37-k4-s4.evrp,random,11,32,4,1642.6,1643.24,1643.24,1147,941,617,39,8470,7890,5985,890,356,41,1680,21,2,1
E-n37-k4-s4.evrp,random,12,32,4,1766.08,1768.68,1768.68,1161,997,716,56,8575,7865,5930,1225,365,55,2249,25,3,1
E-n37-k4-s4.evrp,random,13,32,4,1808.53,1817.46,1817.46,1439,1450,713,103,9380,9380,6985,1425,408,68,2639,29,5,1
E-n37-k4-s4.evrp,random,14,32,4,1660.71,1674.53,1674.53,1210,1014,1016,92,8705,8430,7040,2010,370,94,3790,21,7,1
E-n37-k4-s4.evrp,random,15,32,4,1497.93,1509.41,1509.41,1210,937,778,59,8335,8140,6650,1295,347,59,2315,23,3,1
E-n37-k4-s4.evrp,random,16,32,4,1562.82,1565.75,1565.75,1445,1426,1378,64,10810,10585,9520,1275,466,59,2497,26,4,1
E-n37-k4-s4.evrp,random,17,32,4,1721.92,1727.53,1727.53,1418,1167,1211,47,9395,9295,8520,1005,407,48,1972,29,4,1
E-n37-k4-s4.evrp,random,18,32,4,1666.94,1673.15,1673.15,1252,1174,933,48,9025,8925,7350,1010,385,47,1843,19,3,1
E-n37-k4-s4.evrp,random,19,32,4,1755.07,1760.31,1760.31,1111,1040,772,63,8120,8045,6115,1250,349,59,2245,24,4,1
F-n49-k4-s4.evrp,knn3,0,44,4,994.662,995.007,995.007,6178,4545,455,72,18760,18760,6320,1555,784,70,3003,72,3,1
F-n49-k4-s4.evrp,knn3,1,44,4,1217.68,1221.19,1221.19,1762,1860,561,74,11940,11940,6640,1555,500,68,2980,27,3,1
F-n49-k4-s4.evrp,knn3,2,44,4,1441.55,1448.83,1448.58,2708,2780,562,95,12830,12830,6585,1825,533,82,3432,48,4,1
F-n49-k4-s4.evrp,knn3,3,44,4,1242.49,1255.72,1255.72,1564,1582,435,103,10340,10290,5600,2080,430,92,3963,28,5,1
F-n49-k4-s4.evrp,knn3,4,44,4,1179.29,1182.1,1182.1,4011,3778,426,85,15555,15555,5960,1705,638,73,3259,67,4,1
F-n49-k4-s4.evrp,knn3,5,44,4,1306.76,1312.77,1307.17,4469,3936,777,179,15625,15625,11130,3635,656,165,6789,60,11,1
F-n49-k4-s4.evrp,knn3,6,44,4,1350.75,1360.16,1360.16,1728,1710,783,82,10085,10085,7310,1685,418,75,3304,33,4,1
F-n49-k4-s4.evrp,knn3,7,44,4,1343.67,1351.46,1351.46,1509,1559,422,111,9610,9560,4220,1895,412,89,3637,26,4,1
F-n49-k4-s4.evrp,knn3,8,44,4,1608.78,1622.04,1622.04,2400,2258,809,207,13005,13005,9830,3920,544,174,7465,38,8,1
F-n49-k4-s4.evrp,knn3,9,44,4,1016,1020.85,1019.2,4113,3916,893,116,15380,15255,10900,1595,629,71,2906,55,2,1
F-n49-k4-s4.evrp,knn3,10,44,4,1159.3,1170.75,1163.3,2296,2165,963,248,12685,12685,9785,4325,521,180,8124,35,9,1
F-n49-k4-s4.evrp,knn3,11,44,4,1205.32,1207.78,1207.76,2312,2465,736,81,13355,13355,8550,1510,552,65,2929,37,3,1
F-n49-k4-s4.evrp,knn3,12,44,4,1211.51,1216.54,1216.54,1534,1637,466,64,9545,9495,5840,1265,395,56,2411,22,3,1
F-n49-k4-s4.evrp,knn3,13,44,4,1072.04,1075.49,1075.49,3307,3976,568,123,14140,14065,7755,1750,589,77,3402,42,3,1
F-n49-k4-s4.evrp,knn3,14,44,4,1212.06,1213.86,1213.86,1799,1908,456,71,10205,10205,5210,1365,419,60,2716,32,2,1
F-n49-k4-s4.evrp,knn3,15,44,4,1415.92,1421.93,1421.93,2888,3022,952,148,15540,15540,11605,2665,640,120,5096,45,6,1
F-n49-k4-s4.evrp,knn3,16,44,4,1087.23,1087.91,1087.91,3041,2924,962,55,15680,15680,10225,1050,654,46,2026,44,2,1
F-n49-k4-s4.evrp,knn3,17,44,4,1349.92,1357.51,1357.51,1869,1780,344,106,10725,10650,4055,2105,453,100,4082,33,4,1
F-n49-k4-s4.evrp,knn3,18,44,4,1397.84,1425.92,1425.92,4583,4163,779,290,14720,14720,10280,5265,626,232,10328,52,11,1
F-n49-k4-s4.evrp,knn3,19,44,4,1251.55,1253.29,1253.29,3543,3582,961,63,15035,15035,10205,1170,616,51,2303,43,2,1
F-n49-k4-s4.evrp,random,0,44,4,2257.81,2278.63,2269.28,1698,1642,417,421,9315,9265,5370,5175,402,231,9282,39,14,1
F-n49-k4-s4.evrp,random,1,44,4,2346.29,2361.24,2356.34,1069,1130,434,210,7665,7665,5565,3635,328,164,6062,24,9,1
F-n49-k4-s4.evrp,random,2,44,4,2337.79,2347.87,2342.56,1308,1347,464,266,7980,7980,5320,4255,354,201,7847,21,8,1
F-n49-k4-s4.evrp,random,3,44,4,2389.72,2402.66,2399.59,1193,1056,378,293,7655,7655,4705,4315,344,208,7834,18,11,1
F-n49-k4-s4.evrp,random,4,44,4,2118.66,2138.89,2131.14,1150,906,405,253,7725,7575,4680,4530,336,207,7386,15,13,1
F-n49-k4-s4.evrp,random,5,44,4,2257.61,2275.28,2264.54,1092,1102,446,236,7605,7605,4790,3710,342,178,6378,24,8,1
F-n49-k4-s4.evrp,random,6,44,4,2298.13,2318.57,2310.07,921,845,328,240,7115,7115,4420,4100,317,196,7037,22,10,1
F-n49-k4-s4.evrp,random,7,44,4,2272.6,2301.88,2298.69,992,873,483,274,7440,7440,5245,4825,332,223,8613,14,11,1
F-n49-k4-s4.evrp,random,8,44,4,2607.08,2624.14,2623.95,1349,1128,404,232,8810,8735,5000,4015,397,194,7459,25,9,1
F-n49-k4-s4.evrp,random,9,44,4,2500.24,2521.27,2516.3,1029,989,383,216,7760,7760,4865,4500,341,208,8109,14,9,1
F-n49-k4-s4.evrp,random,10,44,4,2669.54,2697.79,2685.44,1525,1064,681,370,7760,7760,6410,5235,344,243,9044,22,15,1
F-n49-k4-s4.evrp,random,11,44,4,2383,2403,2402.45,885,848,342,185,6740,6740,4225,3800,294,176,6791,15,10,1
F-n49-k4-s4.evrp,random,12,44,4,2507.84,2524.93,2524.74,1039,935,348,147,6575,6400,3930,2840,295,135,5007,17,10,1
F-n49-k4-s4.evrp,random,13,44,4,2421.36,2436.27,2432.48,947,869,318,198,7035,6960,3595,3245,310,151,5926,16,12,1
F-n49-k4-s4.evrp,random,14,44,4,2617.66,2638.36,2625.31,841,748,336,276,6195,6090,4580,4430,270,197,7673,14,9,1
F-n49-k4-s4.evrp,random,15,44,4,2564.4,2599.38,2587.88,1615,1203,615,406,7710,7660,6460,6220,354,293,11212,24,22,1
F-n49-k4-s4.evrp,random,16,44,4,2358.08,2383.8,2376.7,1009,969,448,259,7030,6980,5335,4485,310,207,8136,19,13,1
F-n49-k4-s4.evrp,random,17,44,4,2570.85,2586.6,2579.6,1106,990,307,206,7765,7765,4900,4515,347,213,7740,16,11,1
F-n49-k4-s4.evrp,random,18,44,4,2214.18,2223.06,2215.02,890,881,333,168,6460,6460,4315,3280,277,146,5700,18,7,1
F-n49-k4-s4.evrp,random,19,44,4,2555.99,2570.64,2569.14,1170,1187,433,248,7795,7770,4865,4100,344,191,7270,22,11,1
E-n60-k5-s9.evrp,knn3,0,50,9,873.686,883.628,883.628,9947,9238,3999,428,50510,50510,41080,10680,605,144,20195,30,8,1
E-n60-k5-s9.evrp,knn3,1,50,9,893.35,902.385,902.385,11989,11826,4654,400,56870,56870,42780,8210,688,107,15871,32,4,1
E-n60-k5-s9.evrp,knn3,2,50,9,853.052,861.632,861.632,15441,15595,5782,453,60050,60050,52160,9740,725,133,18857,33,6,1
E-n60-k5-s9.evrp,knn3,3,50,9,852.57,872.741,871.976,13260,12826,7845,1374,51250,51250,47220,30630,638,414,58164,39,23,1
E-n60-k5-s9.evrp,knn3,4,50,9,832.427,839.115,838.928,8243,8397,4993,437,46620,46340,37430,9460,551,118,18270,20,7,1
E-n60-k5-s9.evrp,knn3,5,50,9,912.969,927.895,927.895,17872,17564,7624,887,62750,62750,52340,16970,768,221,32808,35,17,1
E-n60-k5-s9.evrp,knn3,6,50,9,883.495,892.651,890.641,11942,12535,6541,783,51740,51740,44790,16170,612,201,30324,31,14,1
E-n60-k5-s9.evrp,knn3,7,50,9,822.184,832.54,832.167,16573,20127,6474,1087,61830,61830,50700,18540,765,256,35774,38,22,1
E-n60-k5-s9.evrp,knn3,8,50,9,862.693,878.842,878.842,12978,13958,9704,1070,54840,54840,47700,24130,673,313,46562,38,21,1
E-n60-k5-s9.evrp,knn3,9,50,9,819.616,830.96,830.405,13573,12508,5900,744,54200,54200,45870,16460,679,230,31132,36,10,1
E-n60-k5-s9.evrp,knn3,10,50,9,921.693,928.778,928.778,16446,12746,15161,703,60310,60310,52820,13960,723,176,27046,34,7,1
E-n60-k5-s9.evrp,knn3,11,50,9,832.592,840.162,838.96,8085,15061,5845,534,51300,51300,42680,10350,628,155,19738,26,7,1
E-n60-k5-s9.evrp,knn3,12,50,9,860.774,871.482,871.039,11461,11365,5123,780,54270,54270,45580,18740,663,262,35574,32,13,1
E-n60-k5-s9.evrp,knn3,13,50,9,968.144,981.504,981.348,12528,12633,4031,589,52170,52170,41520,12730,632,168,24651,29,7,1
E-n60-k5-s9.evrp,knn3,14,50,9,822.478,833.996,833.839,13119,13483,6471,806,58190,58190,53870,14980,709,199,28659,30,8,1
E-n60-k5-s9.evrp,knn3,15,50,9,848.61,856.815,856.815,9075,8511,4079,457,43860,43860,37470,11120,525,150,21152,24,7,1
E-n60-k5-s9.evrp,knn3,16,50,9,825.266,835.233,835.233,14427,14353,6111,677,58250,58250,42630,15410,710,200,29667,36,9,1
E-n60-k5-s9.evrp,knn3,17,50,9,912.054,922.851,922.851,11080,10480,4748,773,53040,53040,44000,16450,646,221,31913,29,12,1
E-n60-k5-s9.evrp,knn3,18,50,9,870.809,892.16,892.16,11494,11285,6137,1131,55880,55880,47930,25310,671,327,48270,34,22,1
E-n60-k5-s9.evrp,knn3,19,50,9,801.129,807.577,805.034,13037,12767,3979,653,53960,53960,39880,13100,661,169,24624,37,7,1
E-n60-k5-s9.evrp,random,0,50,9,1697.52,1712.19,1711.53,4857,4916,1501,671,29920,29920,17410,11710,361,155,21813,14,8,1
E-n60-k5-s9.evrp,random,1,50,9,1614.6,1628.69,1627,4814,4840,1232,719,30430,30430,15710,14740,363,193,27373,16,10,1
E-n60-k5-s9.evrp,random,2,50,9,1773.47,1791.76,1791.68,5714,5232,2190,941,33720,33520,23530,16280,394,202,29688,16,13,1
E-n60-k5-s9.evrp,random,3,50,9,1620.26,1645.74,1644.12,7437,6062,1903,1066,35740,35640,23680,21830,438,290,40290,25,15,1
E-n60-k5-s9.evrp,random,4,50,9,1574.53,1590.35,1589.41,5690,5168,1923,730,35740,35640,22400,17660,424,235,33357,16,11,1
E-n60-k5-s9.evrp,random,5,50,9,1761.08,1785.03,1784.29,7451,5403,1930,1019,37370,36850,23620,20510,469,275,37306,31,14,1
E-n60-k5-s9.evrp,random,6,50,9,1636.35,1669.09,1665.3,7002,5978,2656,1567,38660,38660,29390,27750,471,352,49551,19,14,1
E-n60-k5-s9.evrp,random,7,50,9,1695.72,1727.04,1726.36,6926,6558,3127,1798,38540,38340,33260,32680,467,405,58383,21,21,1
E-n60-k5-s9.evrp,random,8,50,9,1573.93,1594.53,1594.3,5994,5935,2236,1076,35900,35900,23900,22340,426,282,41759,21,16,1
E-n60-k5-s9.evrp,random,9,50,9,1546.65,1559.26,1558.63,7048,6386,2087,838,37440,37160,21530,15460,446,200,28807,21,14,1
E-n60-k5-s9.evrp,random,10,50,9,1562.24,1578.49,1577.96,6194,6994,1836,1021,37470,37470,23590,20220,440,254,36697,22,11,1
E-n60-k5-s9.evrp,random,11,50,9,1740.34,1756.51,1756.25,4714,4640,1409,841,30400,30400,16900,16620,353,208,30692,13,10,1
E-n60-k5-s9.evrp,random,12,50,9,1490.68,1508.42,1508.1,5555,5410,1771,815,34990,34710,19110,16340,424,211,31037,24,12,1
E-n60-k5-s9.evrp,random,13,50,9,1629.32,1648.3,1646.3,6961,5963,2448,1262,40070,39170,28190,25660,489,330,46915,28,14,1
E-n60-k5-s9.evrp,random,14,50,9,1623.2,1639.31,1639.31,7608,6989,1913,893,36990,36690,22960,18220,449,240,34498,31,10,1
E-n60-k5-s9.evrp,random,15,50,9,1757.16,1781.09,1780.16,6000,6018,2694,1379,36810,36530,27530,25270,461,334,46346,23,15,1
E-n60-k5-s9.evrp,random,16,50,9,1489.13,1498.26,1498.21,6056,5780,1589,579,35930,35930,19230,12390,439,166,23435,20,10,1
E-n60-k5-s9.evrp,random,17,50,9,1711.57,1732.99,1732.14,4944,6833,2043,3245,32920,32920,23420,21560,409,287,39884,15,14,1
E-n60-k5-s9.evrp,random,18,50,9,1560.6,1582.94,1580.14,6141,5970,2766,1215,36870,36670,27610,23430,457,306,42802,18,12,1
E-n60-k5-s9.evrp,random,19,50,9,1472.91,1493.64,1493.48,6606,5939,1993,924,36540,36540,23730,18260,445,241,34490,24,12,1
